{
  "type": "minecraft:chest",
  "pools": [
    {
      "rolls": 2,
      "entries": [
        {
          "type": "minecraft:item",
          "weight": 50,
          "name": "minecraft:emerald"
        }
      ]
    },
    {
      "rolls": 3,
      "entries": [
        {
          "type": "minecraft:item",
          "weight": 50,
          "name": "minecraft:experience_bottle"
        }
      ]
    },
    {
      "rolls": 3,
      "entries": [
        {
          "type": "minecraft:item",
          "weight": 50,
          "name": "minecraft:emerald"
        },
        {
          "type": "minecraft:item",
          "weight": 50,
          "name": "minecraft:air"
        }
      ]
    },
    {
      "rolls": 5,
      "entries": [
        {
          "type": "minecraft:item",
          "weight": 50,
          "name": "minecraft:experience_bottle"
        },
        {
          "type": "minecraft:item",
          "weight": 50,
          "name": "minecraft:air"
        }
      ]
    },
    {
      "rolls": 1,
      "entries": [
        {
          "type": "minecraft:item",
          "weight": 50,
          "name": "minecraft:book"
        }
      ]
    },
    {
      "rolls": 4,
      "entries": [
        {
          "type": "minecraft:item",
          "weight": 50,
          "name": "minecraft:book"
        },
        {
          "type": "minecraft:item",
          "weight": 50,
          "name": "minecraft:air"
        }
      ]
    },
    {
      "rolls": 1,
      "entries": [
        {
          "type": "minecraft:item",
          "weight": 50,
          "name": "minecraft:writable_book"
        }
      ]
    }
  ]
}
