{
  "criteria": {
    "lightning_trident": {
	  "trigger": "minecraft:player_hurt_entity",
      "conditions": {
        "damage": {
          "type": {
            "direct_entity": {
              "type": "minecraft:trident",
			  "nbt": "{Trident:{tag:{id:\"edw:lightning_trident\"}}}"
            },
			"tags": [
              {
                "expected": true,
                "id": "minecraft:is_projectile"
              }
            ]
		  }
        },		  
        "player": [
          {
            "condition": "random_chance",
              "chance": 0.2
          }
        ]
      }
    }
  },
  "rewards":{
    "function":"lightning:test"
  }
}