{
	"display": {
		"icon": {
			"item": "minecraft:bat_spawn_egg",
			"nbt": "{CustomModelData:3810018}"
		},
		"title":{
			"text": "神秘的力量"
		},
		"description": {
			"text": "获得一个魔法碎片"
		},
		"background":"minecraft:textures/block/sculk_catalyst_top.png",
		"frame": "task"
	},
	"criteria": {
		"debris_of_magic": {
			"trigger": "minecraft:inventory_changed",
			"conditions":{
				"items":[
					{
						"nbt": "{id:\"edw:debris_of_magic\"}"
					}
				]
			}
		}
	}
}