{
    "criteria": {
        "star_bow_attack": {
            "trigger": "minecraft:player_hurt_entity",
            "conditions": {
                "damage": {
                    "type": {
                         "tags": [
                            {
                                "expected": true,
                                "id": "minecraft:is_projectile"
                            }
                        ]
                    }
                }
            }
        }
    },
    "rewards": {
        "function": "star_bow:ability"
    }
}