{
    "parent":"edw:root",
	"display": {
		"icon": {
			"item": "minecraft:diamond_sword",
			"nbt": "{CustomModelData:3810001}"
		},
		"title":{
			"text": "末影族的遗物"
		},
		"description": {
			"text": "获得所有神器"
		},
		"frame": "challenge"
	},
	"criteria": {
		"a": {
			"trigger": "minecraft:inventory_changed",
			"conditions":{
				"items":[
					{
						"nbt": "{id:\"edw:gale_sword\"}"
					}
				]
			}
		},
		"b": {
			"trigger": "minecraft:inventory_changed",
			"conditions":{
				"items":[
					{
						"nbt": "{id:\"edw:gale_stick\"}"
					}
				]
			}
		},
		"c": {
			"trigger": "minecraft:inventory_changed",
			"conditions":{
				"items":[
					{
						"nbt": "{id:\"edw:lightning_trident\"}"
					}
				]
			}
		},
		"d": {
			"trigger": "minecraft:inventory_changed",
			"conditions":{
				"items":[
					{
						"nbt": "{id:\"edw:star_bow\"}"
					}
				]
			}
		},
		"f": {
			"trigger": "minecraft:inventory_changed",
			"conditions":{
				"items":[
					{
						"nbt": "{id:\"edw:ice_stick\"}"
					}
				]
			}
		},
		"g": {
			"trigger": "minecraft:inventory_changed",
			"conditions":{
				"items":[
					{
						"nbt": "{id:\"edw:ground_breaker\"}"
					}
				]
			}
		},
		"h": {
			"trigger": "minecraft:inventory_changed",
			"conditions":{
				"items":[
					{
						"nbt": "{id:\"edw:stone_ingot\"}"
					}
				]
			}
		},
		"i": {
			"trigger": "minecraft:inventory_changed",
			"conditions":{
				"items":[
					{
						"nbt": "{id:\"edw:excalibur_morgan\"}"
					}
				]
			}
		},
		"j": {
			"trigger": "minecraft:inventory_changed",
			"conditions":{
				"items":[
					{
						"nbt": "{id:\"edw:vex_book\"}"
					}
				]
			}
		},
		"k": {
			"trigger": "minecraft:inventory_changed",
			"conditions":{
				"items":[
					{
						"nbt": "{id:\"edw:vindicator_axe\"}"
					}
				]
			}
		}
	}
}