{
  "processors": [
    {
      "processor_type": "minecraft:rule",
      "rules": [
        {
          "location_predicate": {
            "predicate_type": "minecraft:always_true"
          },
          "input_predicate": {
            "predicate_type": "minecraft:random_block_match",
            "block": "minecraft:deepslate_bricks",
            "probability": 0.075
          },
          "output_state": {
            "Name": "minecraft:cracked_deepslate_bricks",
            "Properties": {
              "snowy": "false"
            }
          }
        }
      ]
    }
  ]
}
