﻿{
  "Loads after:": "在之后读取于：",
  "Incompatible:": "不相容的:",
  "- LOOT warnings": "- LOOT 警告",
  "- LOOT warnings\n- Plugin has missing masters": "- LOOT 警告\n- 插件缺少masters",
  "- Plugin has missing masters": "- 插件缺少masters",
  "Requires cleaning (LOOT)": "需要清理（cleaning）(LOOT)",
  "Sort Now": "现在排序",
  "Autosort Enabled": "开启自动排序",
  "Autosort Disabled": "禁用自动排序",
  "Plugins not sorted because: {{msg}}": "插件没有排序因为: {{msg}}",
  "The mod \"{{ modName }}\" contains multiple plugins": "Mod：\"{{ modName }}\" 包含多个插件",
  "load {{ reference }} after {{ name }}": "读取 {{ reference }} 在 {{ name }}之后",
  "Drag to another plugin to set userlist rule": "拖动到另一个插件来设置用户列表规则",
  "Requires:": "需求：",
  "Failed to parse this plugin": "未能解析此插件",
  "Loaded by the engine, can't be configured": "由引擎加载，无法配置",
  "{{count}} ITM record_plural": "{{ count }} 个ITM记录",
  "{{count}} deleted navmesh_plural": "{{ count }} 个已删除的导航网络",
  "{{count}} deleted reference_plural": "{{ count }} 个已删除的引用",
  "Verified clean (LOOT)": "已验证清洁 (LOOT)",
  "Not deployed": "未部署",
  "{{count}} ITM record": "{{count}} ITM 记录",
  "{{count}} deleted navmesh": "{{count}} 已删除的 navmesh",
  "{{count}} deleted reference": "{{count}} 已删除的 reference"
}