﻿{
  "{{count}} ITM record": "{{count}} 个ITM记录",
  "{{count}} ITM record_plural": "{{ count }} 个ITM记录",
  "{{count}} deleted navmesh": "{{count}} 个已删除的导航",
  "{{count}} deleted navmesh_plural": "{{ count }} 个已删除的导航",
  "{{count}} deleted reference": "{{count}} 已删除的引用",
  "{{count}} deleted reference_plural": "{{ count }} 已删除的引用",
  "LOOT reported a cyclic interaction between rules.<br />In the simplest case this is something like [i]\"A needs to load after B\"[/i] and [i]\"B needs to load after A\"[/i] but it can be more complicated, involving multiple plugins and groups and [i]their[/i] order.<br />": "LOOT报告了您的加载顺序规则存在无限循环。<br />最普遍的情况是您将规则设定为： [i]“A在之后读取于B”[/i] ，同时您又设定了： [i]“B在之后读取于A”[/i] ，这就形成了一个无限循环的规则。但实际可能更复杂，这涉及多个插件和组以及 [i]它们的[/i] 顺序。<br />",
  "Plugins not sorted because: {{msg}}": "插件没有排序，因为：{{msg}}",
  "The mod \"{{ modName }}\" contains multiple plugins": "Mod： \"{{ modName }}\" 包含多个插件",
  "load {{ reference }} after {{ name }}": "{{ reference }} 在之后读取于 {{ name }}",
  "Loads after:": "在之后读取:",
  "Requires:": "依赖:",
  "Incompatible:": "不兼容:",
  "Drag to another plugin to set userlist rule": "拖动到另一个插件以设置用户规则",
  "Failed to parse this plugin": "解析此插件失败",
  "Loaded by the engine, can't be configured": "由引擎加载，无法配置",
  "Requires cleaning (LOOT)": "需要清洁 (LOOT)",
  "Verified clean (LOOT)": "已验证清洁 (LOOT)",
  "Not deployed": "没有部署",
  "Designed for a different game": "为不同的游戏而设计",
  "LOOT Messages": "LOOT 信息",
  "Autosort Enabled": "启用自动排序",
  "Autosort Disabled": "禁用自动排序",
  "Sort Now": "现在排序",
  "This plugin was created for the original Skyrim and may be incompatible with Skyrim Special Edition. This can cause unforseen problems during gameplay.": "此插件是为原版Skyrim创建的，可能与Skyrim特别版不兼容。这可能会导致在游戏过程中发生不可预见的问题。",
  "Plugin not compatible with this game": "插件与本游戏不兼容"
}