﻿{
  "Refresh Issues": "刷新",
  "Your issues": "您的issues",
  "No reported issues": "没有回复的issues",
  "Lucky you...": "祝您好运...",
  "Feedback required": "需要回复",
  "Closed": "已关闭",
  "{{completion}}%, planned for {{date}}": "{{completion}}%, 计划于 {{date}}",
  "Milestone: {{title}} ({{state}})": "里程碑： {{title}} ({{state}})",
  "Open": "开放的",
  "{{ count }} comments": "{{ count }} 评论",
  "Bug": "Bug",
  "{{completion}}%{{planned}}": "{{completion}}%{{planned}}",
  ", planned for {{date}}": ", 计划于 {{date}}",
  "You've received feedback response": "您收到了反馈",
  "The Vortex developers require your assistance with a bug/suggestion which you have submitted. To view our response please click on any of the below links: <br /><br />{{ urlString }}": "Vortex 开发人员需要您协助处理您提交的错误/建议。要查看我们的回复，请点击以下的任意链接： <br /><br />{{ urlString }}",
  "More": "更多",
  "Close": "关闭"
}