{
  "feature": "minecraft:ore_diamond_buried_deepest",
  "placement": [
    {
      "type": "minecraft:count",
      "count": 35
    },
    {
      "type": "minecraft:in_square"
    },
    {
      "type": "minecraft:height_range",
      "height": {
        "type": "minecraft:trapezoid",
        "max_inclusive": {
          "above_bottom": 128
        },
        "min_inclusive": {
          "above_bottom": -80
        }
      }
    },
    {
      "type": "minecraft:biome"
    }
  ]
}