{
  "carvers": {
    "air": [
      "minecraft:cave",
      "minecraft:cave_extra_underground",
      "minecraft:canyon"
    ]
  },
  "downfall": 0.4,
  "effects": {
    "fog_color": 3105130,
    "mood_sound": {
      "block_search_extent": 8,
      "offset": 2.0,
      "sound": "minecraft:ambient.cave",
      "tick_delay": 6000
    },
    "music": {
      "max_delay": 24000,
      "min_delay": 12000,
      "replace_current_music": false,
      "sound": "minecraft:music.overworld.deep_dark"
    },
    "sky_color": 3105130,
    "water_color": 4159204,
    "water_fog_color": 329011
  },
  "features": [
    [],
    [
      "minecraft:lake_lava_underground",
      "minecraft:lake_lava_surface"
    ],
    [
      "minecraft:amethyst_geode"
    ],
    [],
    [],
    [],
    [
      "minecraft:ore_gravel",
      "minecraft:ore_granite_upper",
      "minecraft:ore_granite_lower",
      "minecraft:ore_diorite_upper",
      "minecraft:ore_diorite_lower",
      "minecraft:ore_andesite_upper",
      "minecraft:ore_andesite_lower",
      "minecraft:ore_tuff",
      "minecraft:ore_iron_upper",
      "minecraft:ore_iron_middle",
      "minecraft:ore_iron_small",
      "minecraft:ore_gold_deepest",
      "minecraft:ore_gold_lower",
      "minecraft:ore_redstone",
      "minecraft:ore_redstone_lower",
      "minecraft:ore_diamond_deepest",
      "minecraft:ore_diamond_large_deepest",
      "minecraft:ore_diamond_buried_deepest",
      "minecraft:ore_lapis",
      "minecraft:ore_lapis_buried",
      "minecraft:ore_copper",
      "minecraft:underwater_magma",
	  "minecraft:ore_emerald_deepest"
    ],
    [
      "minecraft:sculk_vein",
      "minecraft:sculk_patch_deep_dark"
    ],
    [],
    [],
    [
      "minecraft:freeze_top_layer"
    ]
  ],
  "has_precipitation": true,
  "spawn_costs": {},
  "spawners": {
    "ambient": [],
    "axolotls": [],
    "creature": [],
    "misc": [],
    "monster": [
	  {
        "type": "minecraft:wither_skeleton",
        "maxCount": 4,
        "minCount": 4,
        "weight": 40
      },
	  {
	    "type":"minecraft:phantom",
		"maxCount":3,
		"minCount":1,
		"weight":5
	  },
	  {
        "type": "minecraft:cave_spider",
        "maxCount": 4,
        "minCount": 2,
        "weight": 30
      },
	  {
        "type": "minecraft:enderman",
        "maxCount": 1,
        "minCount": 1,
        "weight": 2
      }
	],
    "underground_water_creature": [],
    "water_ambient": [],
    "water_creature": []
  },
  "temperature": 0.8
}