{
	"pools": [
		{
			"rolls": 1,
			"entries": [
				{
					"type": "item",
					"name": "minecraft:crossbow",
					"functions": [
						{
							"function": "set_nbt",
							"tag": "{id:\"edw:enhance_table\",display:{Name:'{\"text\":\"强化工作台\",\"color\":\"#aa06ef\",\"bold\":true}',Lore:['[{\"text\":\"神器注入元素之眼的力量，会怎么样？\",\"color\":\"white\",\"bold\":true}]']},Enchantments:[{id:\"minecraft:quick_charge\",lvl:6s}],CustomModelData:3810014}"
						}
					]
				}
			]
		}
	]
}