{
	"pools": [
		{
			"rolls": 1,
			"entries": [
				{
					"type": "item",
					"name": "minecraft:stone_sword",
					"functions": [
						{
							"function": "set_nbt",
							"tag": "{id:\"edw:excalibur_morgan\",display:{Name:'{\"text\":\"誓约\",\"color\":\"red\",\"bold\":true}',Lore:['[]','[]','[]','[{\"text\":\"由于她不对自己的魔力加以抑制，令魔力粒子不再是光\",\"color\":\"white\"}]','[{\"text\":\"而是成为了吞噬一切的黑暗\",\"color\":\"#6c000a\"}]','[{\"text\":\"属性：\",\"color\":\"white\"},{\"text\":\"灾厄\",\"color\":\"red\"}]','[{\"text\":\"[+]领袖之怒：\",\"color\":\"red\",\"bold\":\"true\"},{\"text\":\"随着连续攻击次数增加，伤害将提升\",\"color\":\"white\"}]','[{\"text\":\"[-]“理想的王”：\",\"color\":\"red\",\"bold\":\"true\"},{\"text\":\"攻击力提升时，防御力也随之削弱\",\"color\":\"white\"}]']},Enchantments:[{id:\"minecraft:sharpness\",lvl:5s},{id:\"minecraft:sweeping\",lvl:3s}],CustomModelData:3810005,Unbreakable:1b,Enhancement_1:{},Enhancement_2:{},Enhancement_3:{}}"
						}
					]
				}
			]
		}
	]
}