{
	"pools": [
		{
			"rolls": 1,
			"entries": [
				{
					"type": "item",
					"name": "minecraft:diamond_sword",
					"functions": [
						{
							"function": "set_nbt",
							"tag": "{id:\"edw:gale_sword\",display:{Name:'{\"text\":\"狂风\",\"color\":\"green\",\"bold\":true}',Lore:['[]','[]','[]','[{\"text\":\"其疾，如风\",\"color\":\"white\"}]','[{\"text\":\"属性：\",\"color\":\"white\"},{\"text\":\"风\",\"color\":\"green\"}]','[{\"text\":\"[+]迅捷：\",\"color\":\"green\",\"bold\":\"true\"},{\"text\":\"手持获得速度II与急迫II\",\"color\":\"white\"}]','[{\"text\":\"[+]飓风刃：\",\"color\":\"green\",\"bold\":\"true\"},{\"text\":\"攻击生成剑气并造成伤害\",\"color\":\"white\"}]']},Enchantments:[{id:\"minecraft:sharpness\",lvl:5s}],CustomModelData:3810001,Unbreakable:1b,Enhancement_1:{},Enhancement_2:{},Enhancement_3:{}}"
						}
					]
				}
			]
		}
	]
}