{
	"pools": [
		{
			"rolls": 1,
			"entries": [
				{
					"type": "item",
					"name": "minecraft:crossbow",
					"functions": [
						{
							"function": "set_nbt",
							"tag": "{id:\"edw:gale_stick\",display:{Name:'{\"text\":\"风眼\",\"color\":\"green\",\"bold\":true}',Lore:['[]','[]','[]','[{\"text\":\"风力12级\",\"color\":\"white\"}]','[{\"text\":\"属性：\",\"color\":\"white\"},{\"text\":\"风\",\"color\":\"green\"}]','[{\"text\":\"[+]迅捷：\",\"color\":\"green\",\"bold\":\"true\"},{\"text\":\"手持获得速度II与急迫II\",\"color\":\"white\"}]','[{\"text\":\"[+]气爆：\",\"color\":\"green\",\"bold\":\"true\"},{\"text\":\"右键使用发射气团造成伤害与击飞\",\"color\":\"white\"}]']},Enchantments:[{id:\"minecraft:quick_charge\",lvl:6s}],CustomModelData:3810002,Unbreakable:1b,Enhancement_1:{},Enhancement_2:{},Enhancement_3:{}}"
						}
					]
				}
			]
		}
	]
}