{
	"pools": [
		{
			"rolls": 1,
			"entries": [
				{
					"type": "item",
					"name": "minecraft:stone_axe",
					"functions": [
						{
							"function": "set_nbt",
							"tag": "{id:\"edw:ground_breaker\",display:{Name:'{\"text\":\"裂地者\",\"color\":\"#714215\",\"bold\":true}',Lore:['[]','[]','[]','[{\"text\":\"什么？这不是晶蟹太刀，这是屑锭锤\",\"color\":\"white\"}]','[{\"text\":\"属性：\",\"color\":\"white\"},{\"text\":\"土\",\"color\":\"#714215\"}]','[{\"text\":\"[+]坚韧：\",\"color\":\"#714215\",\"bold\":\"true\"},{\"text\":\"手持获得抗性提升I\",\"color\":\"white\"}]','[{\"text\":\"[+]地刺：\",\"color\":\"#714215\",\"bold\":\"true\"},{\"text\":\"每次攻击35%概率召唤一圈地刺，造成伤害并阻挡弹射物\",\"color\":\"white\"}]']},Enchantments:[{id:\"minecraft:sharpness\",lvl:5s}],CustomModelData:3810006,Unbreakable:1b,Enhancement_1:{},Enhancement_2:{},Enhancement_3:{}}"
						}
					]
				}
			]
		}
	]
}