{
	"pools": [
		{
			"rolls": 1,
			"entries": [
				{
					"type": "item",
					"name": "minecraft:firework_rocket",
					"functions": [
						{
							"function": "set_nbt",
							"tag": "{id:\"edw:heart_of_magic\",display:{Name:'{\"text\":\"魔法核心\",\"color\":\"#077295\",\"bold\":true}',Lore:['[{\"text\":\"末影魔法的核心，似乎蕴藏着巨大的能量\",\"color\":\"white\",\"bold\":true}]']},CustomModelData:3810017,magic:1b}"
						}
					]
				}
			]
		}
	]
}