{
	"pools": [
		{
			"rolls": 1,
			"entries": [
				{
					"type": "item",
					"name": "minecraft:crossbow",
					"functions": [
						{
							"function": "set_nbt",
							"tag": "{id:\"edw:ice_stick\",display:{Name:'{\"text\":\"暴雪\",\"color\":\"#4da6f1\",\"bold\":true}',Lore:['[]','[]','[]','[{\"text\":\"冰河世纪？\",\"color\":\"white\"}]','[{\"text\":\"属性：\",\"color\":\"white\"},{\"text\":\"水\",\"color\":\"#4da6f1\"}]','[{\"text\":\"[+]冷却：\",\"color\":\"#4da6f1\",\"bold\":true},{\"text\":\"手持降低65%火焰伤害\",\"color\":\"white\"}]','[{\"text\":\"[+]极寒：\",\"color\":\"#4da6f1\",\"bold\":true},{\"text\":\"右键使用发射粒子造成伤害并减速\",\"color\":\"white\"}]','[{\"text\":\"[+]冻结：\",\"color\":\"#4da6f1\",\"bold\":true},{\"text\":\"连续攻击冻结目标\",\"color\":\"white\"}]']},Enchantments:[{id:\"minecraft:quick_charge\",lvl:6s}],CustomModelData:3810007,Unbreakable:1b,Enhancement_1:{},Enhancement_2:{},Enhancement_3:{}}"
						}
					]
				}
			]
		}
	]
}