{
	"pools": [
		{
			"rolls": 1,
			"entries": [
				{
					"type": "item",
					"name": "minecraft:trident",
					"functions": [
						{
							"function": "set_nbt",
							"tag": "{id:\"edw:lightning_trident\",display:{Name:'{\"text\":\"天火\",\"color\":\"gold\",\"bold\":true}',Lore:['[]','[]','[]','[{\"text\":\"来自上天的馈赠\",\"color\":\"white\"}]','[{\"text\":\"属性：\",\"color\":\"white\"},{\"text\":\"火\",\"color\":\"gold\"}]','[{\"text\":\"[+]高温：\",\"color\":\"gold\",\"bold\":\"true\"},{\"text\":\"近战攻击敌人来点燃它们\",\"color\":\"white\"}]','[{\"text\":\"[+]导电：\",\"color\":\"gold\",\"bold\":\"true\"},{\"text\":\"蓄力强制将天气改为雷雨\",\"color\":\"white\"}]','[{\"text\":\"[+]天火：\",\"color\":\"gold\",\"bold\":\"true\"},{\"text\":\"远程击中敌人20%几率直接召唤破坏力极高的闪电\",\"color\":\"white\"}]']},Enchantments:[{id:\"minecraft:sharpness\",lvl:10s},{id:\"minecraft:fire_aspect\",lvl:5s},{id:\"minecraft:channeling\",lvl:1s},{id:\"minecraft:loyalty\",lvl:5s}],CustomModelData:3810002,Unbreakable:1b,Enhancement_1:{},Enhancement_2:{},Enhancement_3:{}}"
						}
					]
				}
			]
		}
	]
}