{
    "type": "minecraft:generic",
    "pools": [
        {
            "rolls": 1.0,
            "entries": [
                {
                    "type": "minecraft:item",
                    "functions": [
                        {
                            "function": "set_damage",
                            "damage": {
                                "min": 0.0,
                                "max": 1.0
                            }
                        }
                    ],
                    "name": "minecraft:warped_fungus_on_a_stick"
                }
            ]
        }
    ]
}