{
	"pools": [
		{
			"rolls": 1,
			"entries": [
				{
					"type": "item",
					"name": "minecraft:bow",
					"functions": [
						{
							"function": "set_nbt",
							"tag": "{id:\"edw:star_bow\",display:{Name:'{\"text\":\"星尘\",\"color\":\"gold\",\"bold\":true}',Lore:['[]','[]','[]','[{\"text\":\"不要在意头上的流星\",\"color\":\"white\"}]','[{\"text\":\"属性：\",\"color\":\"white\"},{\"text\":\"火\",\"color\":\"gold\"}]','[{\"text\":\"[+]高温：\",\"color\":\"gold\",\"bold\":\"true\"},{\"text\":\"近战攻击敌人来点燃它们\",\"color\":\"white\"}]','[{\"text\":\"[+]曳光：\",\"color\":\"gold\",\"bold\":\"true\"},{\"text\":\"射出的箭矢带有火焰，同时给被击中的目标施加发光效果\",\"color\":\"white\"}]','[{\"text\":\"[+]群星：\",\"color\":\"gold\",\"bold\":\"true\"},{\"text\":\"远程击中敌人召唤流星轰炸\",\"color\":\"white\"}]']},Enchantments:[{id:\"minecraft:fire_aspect\",lvl:5s},{id:\"minecraft:infinity\",lvl:1s},{id:\"minecraft:power\",lvl:5s},{id:\"minecraft:flame\",lvl:1s}],CustomModelData:3810015,Unbreakable:1b,Enhancement_1:{},Enhancement_2:{},Enhancement_3:{}}"
						}
					]
				}
			]
		}
	]
}