{
	"pools": [
		{
			"rolls": 1,
			"entries": [
				{
					"type": "item",
					"name": "minecraft:shield",
					"functions": [
						{
							"function": "set_nbt",
							"tag": "{id:\"edw:stone_ingot\",display:{Name:'{\"text\":\"磐石\",\"color\":\"#714215\",\"bold\":true}',Lore:['[]','[]','[]','[{\"text\":\"绝对防御\",\"color\":\"white\"}]','[{\"text\":\"属性：\",\"color\":\"white\"},{\"text\":\"土\",\"color\":\"#714215\"}]','[{\"text\":\"[+]坚韧：\",\"color\":\"#714215\",\"bold\":\"true\"},{\"text\":\"手持获得抗性提升I\",\"color\":\"white\"}]','[{\"text\":\"[+]领域：\",\"color\":\"#714215\",\"bold\":\"true\"},{\"text\":\"举起磐石防御周围来袭的任何弹射物\",\"color\":\"white\"}]','[{\"text\":\"[+]守护：\",\"color\":\"#714215\",\"bold\":true},{\"text\":\"血量少于4点时立刻恢复满血，磐石将损坏为坚石之眼\",\"color\":\"white\"}]']},Enchantments:[{}],Unbreakable:1b,Enhancement_1:{},Enhancement_2:{},Enhancement_3:{}}"
						}
					]
				}
			]
		}
	]
}