{
	"pools": [
		{
			"rolls": 1,
			"entries": [
				{
					"type": "item",
					"name": "minecraft:crossbow",
					"functions": [
						{
							"function": "set_nbt",
							"tag": "{id:\"edw:vex_book\",display:{Name:'{\"text\":\"魔导师\",\"color\":\"red\",\"bold\":true}',Lore:['[]','[]','[]','[{\"text\":\"里面写满了难懂的咒语\",\"color\":\"white\"}]','[{\"text\":\"属性：\",\"color\":\"white\"},{\"text\":\"灾厄\",\"color\":\"red\"}]','[{\"text\":\"[+]唤魔术：\",\"color\":\"red\",\"bold\":\"true\"},{\"text\":\"右键使用召唤恼鬼战斗\",\"color\":\"white\"}]','[{\"text\":\"[-]暴虐：\",\"color\":\"red\",\"bold\":\"true\"},{\"text\":\"“与魔鬼合作要付出代价！”\",\"color\":\"#6c000a\"}]']},Enchantments:[{id:\"quick_charge\",lvl:6s}],CustomModelData:3810004,Unbreakable:1b,Enhancement_1:{},Enhancement_2:{},Enhancement_3:{}}"
						}
					]
				}
			]
		}
	]
}