{
	"pools": [
		{
			"rolls": 1,
			"entries": [
				{
					"type": "item",
					"name": "minecraft:iron_axe",
					"functions": [
						{
							"function": "set_nbt",
							"tag": "{id:\"edw:vindicator_axe\",display:{Name:'{\"text\":\"卫道\",\"color\":\"red\",\"bold\":true}',Lore:['[]','[]','[]','[{\"text\":\"仇恨的烈火将毁灭一切！\",\"color\":\"white\"}]','[{\"text\":\"属性：\",\"color\":\"white\"},{\"text\":\"灾厄\",\"color\":\"red\"}]','[{\"text\":\"[+]狂暴：\",\"color\":\"red\",\"bold\":\"true\"},{\"text\":\"每次攻击80%几率获得3秒力量V\",\"color\":\"white\"}]','[{\"text\":\"[-]自毁：\",\"color\":\"red\",\"bold\":\"true\"},{\"text\":\"每次攻击80%概率获得5秒中毒I\",\"color\":\"white\"}]']},Enchantments:[{id:\"minecraft:sharpness\",lvl:5s}],CustomModelData:3810003,Unbreakable:1b,Enhancement_1:{},Enhancement_2:{},Enhancement_3:{}}"
						}
					]
				}
			]
		}
	]
}