{"pr":[],"ev":[{"ss":1688703251109,"i":"admodule_ad_init","l":"admodule_ad_init","c":1,"t":1688703251116,"d":0,"h":"","p":"","v":0,"at":0,"h5":0,"sign":"","s":"0|"},{"ss":1688703251109,"i":"switchToMainView","l":"switchToMainView","t":1688703259370,"d":0,"h":"","p":"","v":0,"at":0,"h5":0,"sign":"","s":"0|15801|17984|240590|253256|305498|362421|369999|377867|429252|464346|475069|685393|803759|927390|1079327|1105923|1489338|1499355|1720967|1728416|1731064|1781649|1858772|1936817|2173185|2261115|2320245|2343997|2378354|2381100|2388870|2535243|","c":33},{"ss":1688703251109,"i":"switchToIcon","l":"switchToIcon","t":1688703273235,"d":0,"h":"","p":"","v":0,"at":0,"h5":0,"sign":"","s":"0|3220|7587|231387|242752|338254|354487|362424|411110|439672|453360|663749|677143|792020|1054781|1086307|1480280|1742888|1770820|1801690|1896102|1928598|2163588|2251695|2314426|2351144|2366382|2371257|2459149|2555503|2591765|","c":31},{"ss":1688703251109,"i":"switchToMainView","l":"switchToMainView","t":1688706348244,"d":0,"h":"","p":"","v":0,"at":0,"h5":0,"sign":"","s":"0|16319|44208|571718|571766|1021314|1276776|","c":7},{"ss":1688703251109,"i":"switchToIcon","l":"switchToIcon","t":1688706349812,"d":0,"h":"","p":"","v":0,"at":0,"h5":0,"sign":"","s":"0|17102|564125|926724|1094321|","c":5}],"he":{"o":"Android","st":0,"s":"29","sv":"10","k":"dad4e11751","pt":"0-0","i":"","v":"4.0.0.7","sc":0,"a":151,"n":"1.5.1.2","d":"","mc":"UEpFAWsyOX1MzaB89zD1tw==","bm":"5sVfX\/4lEd7A3x8rISfFw9O1eXQnm2ZLIWP9MvFnWjo=","dd":"2Ees9iP1Vln2NcCzcUVVHg==","ii":"qWm9EZA8vC1JOk1kWV7uHDOUEZALQ2\/VTU7ROCNQJfJ2vjwOwoWY+fjB66+3cKT0","tg":1,"w":1080,"h":2340,"dn":"IjDYnukz7FvOAauE6FFkEA==","c":"","op":"46011","m":"V1829A","ma":"vivo","cl":"0_0_0","gl":"","l":"LTE","t":1688703251429,"pn":"wvpJeI7Drt\/o8F385mGQQiqFAR+97I0FswgGk8r61lA=","rom":"funtouch","bo":"sdm710","bd":"vivo","td":"C426FD40C793CA95EE898B7B187E6005","tv":29,"user_property":"","od":"pSx3piqrtcuuN25IcN2bNA==","out_od":"UtMETRCcGxAKeFdZQdGSOjIpM7lQWvY+JClYru6iTix\/oguO+G0kImTYf\/lebOWD","from":"0","gaid":"pSx3piqrtcuuN25IcN2bNA==","iid":"pSx3piqrtcuuN25IcN2bNA==","ii3":"pSx3piqrtcuuN25IcN2bNA==","ssaid":"pSx3piqrtcuuN25IcN2bNA==","im":"","uid_change":"","at":"0","pl":"","scl":"","sign":"8be4733c3af844b48054171f2ec5a291","push":{},"uid":"","startType":"0"}}