{"pr":[],"ev":[{"ss":1688703283030,"i":"admodule_ad_init","l":"admodule_ad_init","c":1,"t":1688703283048,"d":0,"h":"","p":"","v":0,"at":0,"h5":0,"sign":"","s":"0|"}],"he":{"o":"Android","st":0,"s":"29","sv":"10","k":"dad4e11751","pt":"0-0","i":"","v":"4.0.0.7","sc":0,"a":151,"n":"1.5.1.2","d":"","mc":"UEpFAWsyOX1MzaB89zD1tw==","bm":"5sVfX\/4lEd7A3x8rISfFw9O1eXQnm2ZLIWP9MvFnWjo=","dd":"2Ees9iP1Vln2NcCzcUVVHg==","ii":"qWm9EZA8vC1JOk1kWV7uHDOUEZALQ2\/VTU7ROCNQJfJ2vjwOwoWY+fjB66+3cKT0","tg":1,"w":1080,"h":2340,"dn":"IjDYnukz7FvOAauE6FFkEA==","c":"","op":"46011","m":"V1829A","ma":"vivo","cl":"0_0_0","gl":"","l":"LTE","t":1688703283937,"pn":"wvpJeI7Drt\/o8F385mGQQiqFAR+97I0FswgGk8r61lA=","rom":"funtouch","bo":"sdm710","bd":"vivo","td":"C426FD40C793CA95EE898B7B187E6005","tv":29,"user_property":"","od":"pSx3piqrtcuuN25IcN2bNA==","out_od":"UtMETRCcGxAKeFdZQdGSOjIpM7lQWvY+JClYru6iTix\/oguO+G0kImTYf\/lebOWD","from":"0","gaid":"pSx3piqrtcuuN25IcN2bNA==","iid":"pSx3piqrtcuuN25IcN2bNA==","ii3":"pSx3piqrtcuuN25IcN2bNA==","ssaid":"pSx3piqrtcuuN25IcN2bNA==","im":"","uid_change":"","at":"0","pl":"guide","scl":"","sign":"8dbc7eb76e3b47a9892bb3d627a26e9f","push":{},"uid":"","startType":"0"}}