{"Fid":"cw4nGEiOQZ2pOYK0VnXPMT","Status":3,"AuthToken":"eyJhbGciOiJFUzI1NiIsInR5cCI6IkpXVCJ9.eyJhcHBJZCI6IjE6MjY4MDU4ODMzMTQ2OmFuZHJvaWQ6NThlZDNlNDJjYTBkNjY5MCIsImV4cCI6MTY4OTMwODQ5NywiZmlkIjoiY3c0bkdFaU9RWjJwT1lLMFZuWFBNVCIsInByb2plY3ROdW1iZXIiOjI2ODA1ODgzMzE0Nn0.AB2LPV8wRQIgQ2rP5FaxsGn7VKclZlN6owcaENPiWO8WaAoKcI2X0t8CIQDa2FUBdAV1elkB2N0mrSt51wa_Rdzyi57fr8f3Nyliow","RefreshToken":"3_AS3qfwJgsG4_1LM-xRoxj8_lwG2ymRA4dL9G7mnkKc-WyT5GDVxLhvcLTGHjKWpB6WbmD_KlzQ6oNxyIvVlCp2BLqAUwwWs6tEQ2zmh6r07NeRE","TokenCreationEpochInSecs":1688703695,"ExpiresInSecs":604800}